source,network
albusinessdaily,UNKNOWN
auburntimes,metric_media
baldwintimes,metric_media
decaturtimes,metric_media
ecalabamanews,metric_media
gadsdentoday,metric_media
huntsvilleleader,metric_media
jeffersonreporter,metric_media
mobilecourant,metric_media
nealabamanews,metric_media
northbirminghamtimes,metric_media
nwalabamanews,metric_media
riverregiontimes,metric_media
shoalstoday,metric_media
southalabamatimes,metric_media
southbirminghamtimes,metric_media
tuscaloosaleader,metric_media
wcalabamanews,metric_media
wiregrasstimes,metric_media
yellowhammertimes,metric_media
akbusinessdaily,UNKNOWN
interioralaskanews,metric_media
lastfrontiernews,metric_media
matsutimes,metric_media
northalaskanews,metric_media
scalaskanews,metric_media
sealaskanews,metric_media
swalaskanews,metric_media
angolabusinessdaily,UNKNOWN
azbusinessdaily,UNKNOWN
azcatholictribune,UNKNOWN
coconinonews,metric_media
eastarizonanews,metric_media
grandcanyontimes,metric_media
mohavetoday,metric_media
nevalleytimes,metric_media
northpimanews,metric_media
nwvalleytimes,metric_media
phxreporter,metric_media
pinaltoday,metric_media
searizonanews,metric_media
sevalleytimes,metric_media
southpimanews,metric_media
surprisejournal,UNKNOWN
swarizonanews,metric_media
swvalleytimes,metric_media
tucsonstandard,metric_media
yavapainews,metric_media
arbusinessdaily,UNKNOWN
bentontimes,metric_media
eastlittlerocktimes,metric_media
fayettevillestandard,metric_media
fortsmithtimes,metric_media
hotspringstimes,metric_media
jonesborotimes,metric_media
lowedeltanews,metric_media
naturalstatenews,metric_media
ncarkansasnews,metric_media
northlittlerocktimes,metric_media
nwarkansasnews,metric_media
pulaskitimes,metric_media
swarkansastimes,metric_media
upperdeltanews,metric_media
balkanbusinesswire,UNKNOWN
antelopevalleytoday,metric_media
cabusinessdaily,UNKNOWN
calaverasguide,franklin_archer
centralalamedanews,metric_media
centraloctimes,metric_media
chicotimes,metric_media
coachellatoday,metric_media
eastalamedanews,metric_media
eastcontracostanews,metric_media
eastsandiegonews,metric_media
eastsbvtimes,metric_media
eastsfvtoday,metric_media
eastsierranews,metric_media
eastventuranews,metric_media
fresnoleader,metric_media
goldcountrytoday,metric_media
goldenstatetoday,metric_media
imperialcanews,metric_media
kerncountytimes,metric_media
kingscountytimes,metric_media
laharbornews,metric_media
laketahoesun,metric_media
laxleader,metric_media
marinleader,metric_media
mercedtimes,metric_media
montereytimes,metric_media
necalinews,metric_media
nesacramentonews,metric_media
norcalrecord,UNKNOWN
northcoastcanews,UNKNOWN
northinlandnews,metric_media
northoctimes,metric_media
northsactoday,UNKNOWN
northsfvtoday,metric_media
northsgvnews,metric_media
nwlatimes,metric_media
nwriversidenews,metric_media
oaklandrecord,UNKNOWN
pomonavalleynews,metric_media
reddingtoday,metric_media
redwoodempirenews,metric_media
sacramentostandard,metric_media
sandiegorecord,UNKNOWN
sanfransun,UNKNOWN
sanjoaquintimes,metric_media
sanjosestandard,metric_media
sanmateosun,metric_media
santaclaratoday,metric_media
santacruzstandard,metric_media
selatimes,metric_media
sfvtoday,metric_media
sgvstandard,metric_media
sloreporter,metric_media
socalrecord,UNKNOWN
solanosun,metric_media
southalamedanews,metric_media
southbayleader,metric_media
southbaysdnews,metric_media
southoctimes,metric_media
southsactoday,UNKNOWN
southsfbaynews,metric_media
southsfvtoday,metric_media
southsgvnews,metric_media
stanislausnews,metric_media
swriversidenews,metric_media
tularetimes,metric_media
verdugosnews,metric_media
victorvalleytimes,metric_media
westcontracostanews,metric_media
westeldoradonews,metric_media
westlatimes,metric_media
westoctimes,metric_media
westsbvtimes,metric_media
westsfvtoday,metric_media
westsgvnews,metric_media
westventuranews,metric_media
winecountrytimes,metric_media
yubasuttertimes,metric_media
torontobusinessdaily,UNKNOWN
adamscountytimes,metric_media
boulderleader,metric_media
centennialstatenews,metric_media
centralcoloradonews,metric_media
cobusinessdaily,UNKNOWN
denvercitywire,metric_media
eastarapahoenews,metric_media
grandjunctiontimes,metric_media
larimernews,metric_media
necoloradonews,metric_media
northjeffconews,UNKNOWN
secoloradonews,metric_media
sedenvernews,metric_media
southjeffconews,UNKNOWN
springstimes,metric_media
swcoloradonews,metric_media
westarapahoenews,metric_media
cistranfinance,UNKNOWN
bridgeporttimes,metric_media
constitutionstatenews,metric_media
ctbusinessdaily,UNKNOWN
hartfordreporter,metric_media
housatonicvalleynews,metric_media
litchfieldhillstoday,metric_media
naugatucktimes,metric_media
neconnnews,UNKNOWN
nwconnnews,UNKNOWN
scconnnews,UNKNOWN
seconnnews,UNKNOWN
swconnnews,UNKNOWN
debusinessdaily,UNKNOWN
firststatetimes,metric_media
kentcountytoday,metric_media
northnewcastlenews,metric_media
southnewcastlenews,metric_media
sussexreview,metric_media
apopkatimes,UNKNOWN
baldwinparktoday,UNKNOWN
brevardsun,metric_media
centralbrowardnews,metric_media
claycotimes,UNKNOWN
collegeparktoday,UNKNOWN
doctorphillipstoday,UNKNOWN
duvaltimes,metric_media
easthillsboroughnews,metric_media
eastpanhandlenews,metric_media
eastvolusianews,metric_media
emeraldcoasttimes,metric_media
flarecord,UNKNOWN
flbusinessdaily,UNKNOWN
flcatholictribune,UNKNOWN
goldenrodnews,UNKNOWN
gothatoday,UNKNOWN
hernandoreporter,metric_media
hunterscreeknews,UNKNOWN
keywestreporter,metric_media
lakebuenavistanews,UNKNOWN
lakebutlernews,UNKNOWN
lakehartnews,UNKNOWN
lakenonatoday,UNKNOWN
leetoday,metric_media
maitlandtoday,UNKNOWN
manateereview,metric_media
miamicourant,metric_media
naplesstandard,metric_media
naturecoasttimes,metric_media
ncfloridanews,metric_media
nefloridanews,metric_media
northbrowardnews,metric_media
northlaketimes,metric_media
northmianews,UNKNOWN
northorlandonews,metric_media
northpalmbeachtoday,metric_media
northpanhandlenews,metric_media
northpinellasnews,metric_media
ocalastandard,metric_media
ocoeetoday,UNKNOWN
okeechobeetimes,metric_media
orlandostandard,metric_media
palmcoasttimes,metric_media
panamacityreporter,metric_media
pascoreporter,metric_media
pensacolatimes,metric_media
pinellastimes,metric_media
polktimes,metric_media
sarasotareview,metric_media
southbrowardnews,metric_media
southlaketoday,metric_media
southmianews,UNKNOWN
southorlandonews,metric_media
southpalmbeachtoday,metric_media
southpinellastimes,metric_media
stpetestandard,metric_media
sumtertimes,metric_media
sunshinesentinel,metric_media
tallahasseesun,metric_media
tamparepublic,metric_media
treasurecoastsun,metric_media
wadeviewparknews,UNKNOWN
westflnews,UNKNOWN
westhillsboroughnews,metric_media
westvolusianews,metric_media
windermeretoday,UNKNOWN
albanystandard,metric_media
athensreporter,metric_media
atlstandard,metric_media
centralgeorgianews,metric_media
coastalganews,metric_media
cobbreporter,metric_media
dekalbganews,metric_media
ecgeorgianews,UNKNOWN
gabusinessdaily,UNKNOWN
georgiamountainnews,metric_media
macontimes,metric_media
ncgeorgianews,metric_media
neatlantanews,metric_media
northfultontoday,metric_media
northgwinnettnews,metric_media
nwatlantanews,metric_media
nwgeorgianews,metric_media
peachtreetimes,metric_media
romereporter,metric_media
savannahstandard,metric_media
seatlantanews,metric_media
segeorgianews,metric_media
southatlantanews,metric_media
southfultontoday,metric_media
southgeorgiatimes,metric_media
southgwinnettnews,metric_media
swgeorgianews,metric_media
warnerrobinstoday,metric_media
wcgeorgianews,metric_media
westatlantanews,metric_media
gulfnewsjournal,UNKNOWN
alohastatenews,metric_media
bigislandtimes,UNKNOWN
hibusinessdaily,UNKNOWN
honolulureporter,metric_media
kauaisun,metric_media
mauireporter,metric_media
adareporter,metric_media
boisecitywire,metric_media
cdareporter,metric_media
centralidahotimes,metric_media
eastidahotimes,metric_media
gemstatewire,metric_media
idbusinessdaily,UNKNOWN
magicvalleytimes,metric_media
northidahotimes,metric_media
pocatellotimes,metric_media
treasurevalleytimes,metric_media
carbondalereporter,lgis
chambanasun,lgis
chicagocitywire,lgis
cookcountyrecord,the_record
cretereview,UNKNOWN
dekalbtimes,lgis
dupagepolicyjournal,lgis
eastcentralreporter,lgis
galesburgreporter,lgis
grundyreporter,lgis
ilbusinessdaily,UNKNOWN
illinoisvalleytimes,lgis
kanecountyreporter,lgis
kankakeetimes,lgis
kendallcountytimes,lgis
laharpeguide,franklin_archer
lakecountygazette,lgis
lynwoodtimes,UNKNOWN
maconreporter,lgis
madisonrecord,UNKNOWN
mcleancountytimes,lgis
metroeastsun,lgis
northcooknews,lgis
northegyptnews,lgis
nwillinoisnews,lgis
peoriastandard,lgis
prairiestatewire,lgis
quincyreporter,lgis
rockfordsun,lgis
rockislandtoday,lgis
salemnewswire,UNKNOWN
sangamonsun,lgis
seillinoisnews,lgis
silnews,lgis
southcentralreporter,lgis
southcooknews,lgis
swillinoisnews,lgis
westcentralreporter,lgis
westcooknews,lgis
willcountygazette,lgis
andersonreporter,metric_media
bloomingtonleader,metric_media
columbusstandard,metric_media
eastindynews,metric_media
ecindiananews,metric_media
elkharttimes,metric_media
ftwaynetimes,metric_media
hancockguide,franklin_archer
hoosierstatetoday,metric_media
indianabusinessdaily,franklin_archer
indystandard,metric_media
kentuckianatimes,metric_media
kokomostandard,metric_media
lafayettetimes,metric_media
munciereporter,metric_media
ncindiananews,metric_media
neindiananews,metric_media
northindynews,metric_media
seindiananews,metric_media
southbendtimes,metric_media
southernindianatoday,metric_media
southindynews,metric_media
swindiananews,metric_media
theregionnews,metric_media
wcindiananews,metric_media
westindynews,metric_media
adairmadisonnews,franklin_archer
amestoday,metric_media
ankenyguide,UNKNOWN
boonecountyguide,franklin_archer
boyervalleynews,franklin_archer
buchanancountynews,UNKNOWN
carrollcoguide,UNKNOWN
cedarrapidstoday,metric_media
centraliowatimes,metric_media
clarkeunionnews,franklin_archer
clivenews,franklin_archer
crawfordcountytimes,franklin_archer
dallascountyreview,franklin_archer
delawarecoguide,UNKNOWN
desmoinesguide,franklin_archer
desmoinessun,metric_media
dubuquecoguide,UNKNOWN
dubuquetimes,metric_media
eciowanews,UNKNOWN
elkhornguide,franklin_archer
fairfieldreview,franklin_archer
floydvalleyguide,franklin_archer
greenecountyguide,franklin_archer
grimesjournal,franklin_archer
guthriecountyguide,franklin_archer
hawkeyereporter,metric_media
iabusinessdaily,UNKNOWN
idasacguide,franklin_archer
indianolaguide,franklin_archer
iowacitytoday,metric_media
iowaregionalguide,franklin_archer
jaspercountyguide,franklin_archer
johnstontimes,franklin_archer
jonescountynews,UNKNOWN
mahaskaguide,franklin_archer
marioncountyguide,franklin_archer
montgomeryadamsnews,franklin_archer
mtpleasantguide,franklin_archer
neiowanews,metric_media
northdsmnews,metric_media
northiowareporter,metric_media
norwalktimes,franklin_archer
nwiowanews,metric_media
ottumwaguide,franklin_archer
pagetaylornews,franklin_archer
poweshiekguide,franklin_archer
ringgolddecaturnews,franklin_archer
riverbendtimes,metric_media
seiowanews,metric_media
shelbycountytimes,franklin_archer
siouxcitytimes,metric_media
southdsmnews,metric_media
southiowanews,metric_media
swiowatimes,metric_media
urbandaletimes,franklin_archer
warrencountynews,franklin_archer
waterlootimes,metric_media
waukeetimes,franklin_archer
wciowanews,metric_media
westdesmoinesguide,franklin_archer
westdsmnews,metric_media
ashlandreview,franklin_archer
eastwichitatimes,metric_media
eckansasnews,metric_media
glenelderguide,franklin_archer
holyroodguide,franklin_archer
hutchtoday,metric_media
jocotoday,metric_media
ksbusinessdaily,UNKNOWN
lawrencereporter,metric_media
linncountyguide,franklin_archer
littleappletimes,metric_media
miltonvaleguide,franklin_archer
moundridgeguide,franklin_archer
nckansasnews,metric_media
nekansasnews,metric_media
northwichitanews,metric_media
nwkansasnews,metric_media
sckansasnews,metric_media
sekansasnews,metric_media
southwichitanews,metric_media
sunflowerstatenews,metric_media
swkansasnews,metric_media
topekasun,metric_media
wichitastandard,metric_media
wilsonguide,franklin_archer
wyandottetimes,metric_media
bluegrasstimes,metric_media
bowlinggreentoday,metric_media
eastkentuckytimes,metric_media
eastlouisvillenews,metric_media
eastpennyroyalnews,metric_media
elizabethtowntimes,metric_media
hopkinsvilletimes,metric_media
jacksonpurchasenews,metric_media
kybusinessdaily,UNKNOWN
louisvillecitywire,metric_media
nckentuckynews,metric_media
nekentuckynews,metric_media
northbluegrassnews,metric_media
northkentuckynews,metric_media
nwkentuckynews,metric_media
sebluegrassnews,metric_media
sekentuckynews,metric_media
swbluegrassnews,metric_media
westpennyroyalnews,metric_media
batonrougereporter,metric_media
centrallouisiananews,metric_media
floridaparishnews,metric_media
houmathibodauxnews,metric_media
labusinessdaily,UNKNOWN
lafayettereporter,metric_media
louisianarecord,the_record
nelouisiananews,metric_media
nolareporter,metric_media
northacadiananews,metric_media
northshorelanews,UNKNOWN
nwlouisiananews,metric_media
pelicanstatenews,metric_media
riverparishnews,metric_media
shreveportreporter,metric_media
southlouisiananews,metric_media
swlouisiananews,metric_media
westbanklanews,UNKNOWN
maghrebnewswire,UNKNOWN
aroostooknews,metric_media
downeasttimes,metric_media
lewistontimes,metric_media
mainebusinessdaily,franklin_archer
mainehighlandsnews,metric_media
mainelakesnews,metric_media
midcoasttoday,metric_media
pinestatenews,metric_media
portlandmainenews,metric_media
rivervalleytoday,metric_media
southmainenews,metric_media
unitymaineguide,UNKNOWN
annearundeltoday,metric_media
baltimorecitywire,metric_media
harfordnews,metric_media
howardconews,UNKNOWN
mdbusinessdaily,UNKNOWN
mdstatewire,UNKNOWN
montgomerymdnews,UNKNOWN
northbaltimorejournal,metric_media
baystatenews,metric_media
beantowntimes,metric_media
bristolreporter,metric_media
capecodledger,metric_media
mabusinessdaily,UNKNOWN
merrimackvalleynews,metric_media
metrowesttimes,metric_media
midmassnews,UNKNOWN
ncmassnews,UNKNOWN
norfolkreporter,metric_media
northbostonnews,metric_media
plymouthreporter,metric_media
springfieldrecord,UNKNOWN
westmassnews,UNKNOWN
mexicobusinessdaily,UNKNOWN
annarbortimes,metric_media
baragaguide,franklin_archer
battlecreektimes,metric_media
branchguide,franklin_archer
detroitcitywire,metric_media
downrivertoday,metric_media
easternwaynetoday,metric_media
eastmichigannews,metric_media
geneseenews,metric_media
grandrapidsreporter,metric_media
greatlakeswire,metric_media
hollandreporter,metric_media
kalamazootimes,metric_media
lansingreporter,UNKNOWN
lansingsun,metric_media
livingstontoday,metric_media
macombtoday,metric_media
mibusinessdaily,UNKNOWN
micapitolnews,UNKNOWN
micatholictribune,UNKNOWN
monroereview,metric_media
munisingguide,franklin_archer
muskegonsun,metric_media
northkentnews,metric_media
northmichigannews,metric_media
novitimes,metric_media
nwwaynenews,metric_media
ontonagonguide,franklin_archer
pontiactimes,metric_media
segrandrapids,UNKNOWN
seoaklandnews,metric_media
shelbyreview,metric_media
shiawasseetimes,metric_media
southkentnews,metric_media
southmichigannews,metric_media
stclairtoday,metric_media
stjoebentonharbor,UNKNOWN
sturgiscoldwaternews,metric_media
thumbreporter,metric_media
tricitysun,metric_media
upgazette,metric_media
warrensun,UNKNOWN
waterfordtoday,metric_media
wcmichigannews,UNKNOWN
westernwaynetoday,metric_media
anokatimes,metric_media
dakotatimes,metric_media
easttwincities,metric_media
mabeltoday,franklin_archer
minneapolisreview,metric_media
minnesotastatewire,metric_media
mnbusinessdaily,UNKNOWN
mncatholictribune,UNKNOWN
ncminnesotanews,metric_media
northhennepinnews,metric_media
northramseynews,metric_media
nwminnesotanews,metric_media
nwtwincities,metric_media
scminnesotanews,metric_media
seminnesotanews,metric_media
setwincities,metric_media
southhennepinnews,metric_media
stcloudsun,metric_media
stpaulreporter,metric_media
swminnesotatoday,metric_media
wcminnesotanews,metric_media
westtwincities,metric_media
ecmissnews,UNKNOWN
gtrtimes,metric_media
hindstoday,metric_media
magnoliastatenews,metric_media
msbusinessdaily,UNKNOWN
msgulfnews,UNKNOWN
ncmissnews,UNKNOWN
nemissnews,UNKNOWN
nwmissnews,UNKNOWN
oxfordreporter,metric_media
pinebelttimes,metric_media
scmissnews,UNKNOWN
swmissnews,UNKNOWN
wcmissnews,UNKNOWN
almastandard,franklin_archer
bransontimes,metric_media
capemonews,UNKNOWN
centralmissourinews,metric_media
centralstlnews,metric_media
clayreporter,metric_media
columbiamonews,UNKNOWN
jeffcitynews,UNKNOWN
jeffcotimes,UNKNOWN
kcreporter,metric_media
mobusinessdaily,UNKNOWN
nekansascitynews,metric_media
nemissourinews,metric_media
northstlnews,metric_media
nwmissouritimes,metric_media
plattenews,metric_media
scmissourinews,metric_media
sekansascitynews,metric_media
semissourinews,metric_media
showmestatetimes,metric_media
southkcnews,metric_media
southstlnews,metric_media
springfieldstandard,metric_media
stcharlestimes,metric_media
steelvilleguide,franklin_archer
stlouisreporter,metric_media
stlrecord,UNKNOWN
stlwestnews,metric_media
swmissouriguide,franklin_archer
swmissourinews,metric_media
wcmissourinews,metric_media
weststlnews,metric_media
bigskytimes,metric_media
centralmontanatimes,metric_media
glaciercountrynews,metric_media
mtbusinessdaily,UNKNOWN
nemontananews,UNKNOWN
nwmontananews,UNKNOWN
semontananews,UNKNOWN
swmontanatimes,UNKNOWN
yellowstonetimes,metric_media
auroraneguide,UNKNOWN
bluehillguide,franklin_archer
cornhuskerstatenews,metric_media
ecnebraskanews,metric_media
nebraskabusinessdaily,franklin_archer
nenebraskanews,metric_media
nepanhandlenews,UNKNOWN
northomahatimes,metric_media
omaharecord,UNKNOWN
sandhillstoday,metric_media
scnebraskanews,metric_media
senebraskanews,metric_media
southomahatimes,metric_media
eaglevalleytimes,metric_media
lasvegasrecord,UNKNOWN
moapavalleyguide,franklin_archer
northnevadanews,metric_media
northvegastimes,metric_media
nvbusinessdaily,UNKNOWN
nwclarknews,metric_media
renoreporter,metric_media
sevegasnews,metric_media
silverstatetimes,metric_media
swvegasnews,metric_media
washoenews,metric_media
concordledger,metric_media
dartmouthtimes,metric_media
granitestatetimes,metric_media
hillsboroughsun,metric_media
lakeregionnews,metric_media
nhbusinessdaily,UNKNOWN
northcountryreporter,metric_media
rockinghamtimes,metric_media
straffordnews,metric_media
swnewhampshirenews,metric_media
atlanticcotimes,UNKNOWN
burlingtonreview,metric_media
gardenstatetimes,metric_media
gloucestertoday,metric_media
hudsontoday,metric_media
mercertimes,metric_media
monmouthtimes,metric_media
morrisleader,metric_media
nebergennews,metric_media
newarkreporter,metric_media
njbusinessdaily,UNKNOWN
northessexnews,metric_media
northmiddlesextimes,metric_media
nwbergennews,metric_media
nwjerseynews,metric_media
oceancountyleader,metric_media
passiacnews,UNKNOWN
somersettimes,metric_media
southbergennews,metric_media
southjerseysun,metric_media
southmiddlesextimes,metric_media
unioncountyreview,metric_media
westessexnews,metric_media
abqtimes,metric_media
eastnewmexiconews,metric_media
enchantmentstatenews,metric_media
nenewmexiconews,metric_media
nmbusinessdaily,UNKNOWN
nwnewmexiconews,metric_media
sandovalnews,metric_media
santafestandard,metric_media
southabqnews,metric_media
swnewmexiconews,metric_media
wcnewmexiconews,metric_media
buffaloledger,metric_media
capitaldistricttimes,metric_media
easthudvalleynews,UNKNOWN
empirestatetoday,metric_media
fingerlakestoday,metric_media
mohawkvalleytimes,metric_media
monroenynews,metric_media
nassaustandard,metric_media
nenewyorktoday,metric_media
niagaraleader,metric_media
northcountryleader,metric_media
nybusinessdaily,UNKNOWN
nycgazette,metric_media
oneidatimes,metric_media
rochesterreporter,metric_media
rocklandreporter,metric_media
saratogastandard,metric_media
scnewyorknews,metric_media
statenislandreporter,metric_media
suffolkreporter,metric_media
syracusesun,metric_media
westchesterreporter,metric_media
westhudvalleynews,UNKNOWN
westnynews,metric_media
ashevillereporter,metric_media
burlingtonreporter,metric_media
cabarrustoday,metric_media
chapelhillreview,metric_media
durhamreporter,metric_media
eastlakenormannews,metric_media
eastwaketimes,metric_media
ecnorthcarolinanews,metric_media
fayettevilletoday,metric_media
foothillsreview,metric_media
gastoniatimes,metric_media
greensbororeporter,metric_media
greenvillereporter,metric_media
hickorysun,metric_media
highcountrytimes,metric_media
ibxnews,metric_media
johnstonreporter,metric_media
nantahalanews,metric_media
ncbusinessdaily,UNKNOWN
ncncnews,UNKNOWN
ncunionnews,UNKNOWN
nepiedmontnews,metric_media
northcharlottetoday,metric_media
northguilfordnews,metric_media
northiredellnews,metric_media
northmecklenburgnews,metric_media
northraleightoday,metric_media
northtrianglenews,metric_media
northwakenews,metric_media
oldnorthnews,metric_media
onslownews,metric_media
outerbankstimes,metric_media
pinehursttoday,metric_media
randolphcountynews,metric_media
rockymounttoday,metric_media
rowannews,metric_media
senorthcarolinanews,metric_media
southashevillenews,metric_media
southcharlottetoday,metric_media
southguilfordnews,metric_media
southmecklenburgnews,metric_media
southncnews,UNKNOWN
southraleighnews,metric_media
southtrianglenews,metric_media
southwinstonsalemnews,metric_media
westlakenormannews,metric_media
westwakenews,metric_media
winstonsalemtimes,metric_media
yadkinvalleynews,metric_media
centralndnews,metric_media
fargostandard,metric_media
ndbusinessdaily,UNKNOWN
ndnorthnews,metric_media
nenorthdakotanews,metric_media
peacegardennews,metric_media
westernndnews,metric_media
akronreporter,metric_media
buckeyereporter,metric_media
butlercountytoday,metric_media
cantonreporter,metric_media
centralohiotoday,metric_media
cincyreporter,metric_media
clermonttimes,metric_media
clevelandreporter,metric_media
daytonreporter,metric_media
delcoreview,UNKNOWN
eastclevelandnews,metric_media
eaststarknews,metric_media
ecohionews,metric_media
fairfieldreporter,metric_media
findlaytimes,metric_media
greenecotimes,UNKNOWN
lakecountytimes,metric_media
lickingtoday,metric_media
limareporter,metric_media
loraintimes,metric_media
mansfieldtimes,metric_media
marionmorrowtimes,metric_media
medinatoday,metric_media
nefranklinnews,metric_media
neohiotimes,metric_media
northcincynews,metric_media
northcolumbusnews,metric_media
northdaytonnews,metric_media
northsummitnews,metric_media
nwfranklinnews,metric_media
nwohiotimes,metric_media
ohbusinessdaily,UNKNOWN
portagetimes,metric_media
seohiotimes,metric_media
southcolumbusnews,metric_media
southcuyahoganews,metric_media
southdaytonnews,metric_media
southfranklinnews,metric_media
southohionews,metric_media
southsummitnews,metric_media
toledoreporter,metric_media
triconews,UNKNOWN
trumballnews,metric_media
tuscarawasnews,metric_media
vacationlandtimes,metric_media
warrenclintonnews,metric_media
waynecountytoday,metric_media
westclevelandnews,metric_media
westhamiltonnews,metric_media
westlucasnews,metric_media
weststarknews,metric_media
youngstowntimes,metric_media
beggsguide,franklin_archer
bixbyguide,franklin_archer
canadianvalleyguide,franklin_archer
eastokcnews,metric_media
ecoklahomanews,metric_media
jayokguide,UNKNOWN
ncoklahomanews,metric_media
neoklahomanews,metric_media
northokcnews,metric_media
northtulsatoday,metric_media
nwoklahomanews,metric_media
okbusinessdaily,UNKNOWN
okcstandard,metric_media
scoklahomanews,metric_media
seoklahomanews,metric_media
soonerstatenews,metric_media
southokcnews,metric_media
southtulsatoday,metric_media
swoklahomanews,metric_media
tulsastandard,metric_media
vallianttoday,franklin_archer
beaverstatenews,metric_media
centraloregontimes,metric_media
eastoregonnews,metric_media
eastpdxtoday,metric_media
laneconews,UNKNOWN
midcoasttimes,metric_media
midvalleyreporter,metric_media
nehalemguide,franklin_archer
northcoasttoday,metric_media
orbusinessdaily,UNKNOWN
portlandcourant,metric_media
southcoasttimes,metric_media
southoregonnews,metric_media
westpdxtoday,metric_media
freedommedianetwork,UNKNOWN
hansondirectory,UNKNOWN
lgis,UNKNOWN
metrobusinessnetwork,UNKNOWN
therecordinc,UNKNOWN
altoonatimes,metric_media
beaverconews,UNKNOWN
berksconews,UNKNOWN
butlerconews,UNKNOWN
cambriatimes,metric_media
centralbuckstoday,metric_media
centralchestertoday,metric_media
centralpanews,metric_media
coalregionnews,metric_media
crawfordtimes,metric_media
cumberlandvalleynews,metric_media
dauphinnews,metric_media
eastmonttimes,UNKNOWN
eriecotimes,UNKNOWN
happyvalleytimes,metric_media
keystonebusinessnews,franklin_archer
keystonetoday,metric_media
laurelhighlandstoday,metric_media
lawrencetimes,metric_media
lebanonpanews,metric_media
lehightimes,metric_media
lowerbuckstoday,metric_media
luzernetimes,metric_media
lycomingnews,metric_media
monroeconews,UNKNOWN
ncpatimes,UNKNOWN
northalleghenynews,metric_media
northchestertoday,metric_media
northdelconews,metric_media
northerntiernews,metric_media
northhamptonnews,metric_media
northlancasternews,metric_media
northpocononews,metric_media
nwpanews,UNKNOWN
palmertonguide,franklin_archer
pennrecord,UNKNOWN
phillyleader,metric_media
pittreview,UNKNOWN
scpanews,UNKNOWN
scrantonreporter,metric_media
sealleghenynews,UNKNOWN
shenangovalleynews,metric_media
southchestertoday,metric_media
southdelconews,metric_media
southlancasternews,metric_media
swalleghenynews,UNKNOWN
swpanews,UNKNOWN
upperbuckstoday,metric_media
wcpanews,UNKNOWN
westmonttimes,UNKNOWN
westmorelandreview,metric_media
yorkconews,UNKNOWN
manilabusinessdaily,UNKNOWN
kentcotimes,UNKNOWN
oceanstatetoday,metric_media
providencereporter,metric_media
ribusinessdaily,UNKNOWN
southcotimes,UNKNOWN
guatemalabusinessdaily,UNKNOWN
latinbusinessdaily,UNKNOWN
aikentimes,metric_media
berkeleyleader,metric_media
charlestonreporter,metric_media
columbiastandard,metric_media
dorchestertoday,metric_media
greenvilleleader,metric_media
hiltonheadreporter,metric_media
lowerwestscnews,metric_media
myrtlebeachleader,metric_media
ncsctimes,UNKNOWN
palmettobusinessdaily,franklin_archer
palmettostatenews,metric_media
peedeenews,metric_media
scmidlandnews,metric_media
spartanburgreporter,metric_media
upperwestscnews,metric_media
upstatescnews,metric_media
bisonguide,franklin_archer
centralsdnews,UNKNOWN
nesdnews,UNKNOWN
rushmorestatenews,metric_media
sdbusinessdaily,UNKNOWN
sesdnews,UNKNOWN
siouxempiretoday,metric_media
westernsdnews,UNKNOWN
mchenrytimes,lgis
westlooptoday,UNKNOWN
clarksvilletimes,metric_media
hamiltonreporter,metric_media
johnsoncitytimes,metric_media
kingsportreporter,metric_media
knoxtimes,metric_media
memphisstandard,metric_media
morristowntimes,metric_media
nashvillestandard,metric_media
nctennnews,UNKNOWN
nenashvillenews,metric_media
northknoxnews,UNKNOWN
nwtennnews,UNKNOWN
rutherfordtimes,metric_media
sctennnews,UNKNOWN
setennnews,UNKNOWN
shelbyreporter,metric_media
smokymountaintoday,metric_media
southcumberlandnews,metric_media
southknoxnews,UNKNOWN
swtennnews,UNKNOWN
tnbusinessdaily,UNKNOWN
uppercumberlandtimes,metric_media
volunteerstatenews,metric_media
williamsonnews,metric_media
abilenetimes,metric_media
amarillogazette,metric_media
austintxnews,UNKNOWN
centraltxnews,UNKNOWN
centroplexnews,metric_media
coldspringguide,franklin_archer
collintimes,metric_media
coloradovalleyguide,franklin_archer
conchovalleynews,metric_media
corpuschristisun,metric_media
dallascitywire,metric_media
eastdfwnews,metric_media
easthoustonnews,metric_media
eastrgvnews,metric_media
ectexasnews,UNKNOWN
elpasostandard,metric_media
farwesttxnews,UNKNOWN
fiveareaguide,franklin_archer
forestcountrynews,metric_media
ftworthtimes,metric_media
graysontimes,metric_media
hillcountrychronicle,metric_media
houstonrepublic,metric_media
industrytxguide,UNKNOWN
jacksonreporter,franklin_archer
laredotimes,metric_media
lonestarstandard,UNKNOWN
longviewtimes,metric_media
lubbocktimes,metric_media
midcitytimes,metric_media
midlandtimes,UNKNOWN
mtenterprisetoday,franklin_archer
nedallasnews,metric_media
netarrantnews,metric_media
nortextimes,metric_media
northaustinnews,metric_media
northcoastalnews,metric_media
northhoustonnews,metric_media
northsanantonionews,metric_media
northtxnews,UNKNOWN
nwhoustonnews,metric_media
panhandletimes,metric_media
petroplexnews,metric_media
pokalambroguide,franklin_archer
rivieratxguide,UNKNOWN
sacorridornews,UNKNOWN
sanantoniostandard,metric_media
sctexasnews,metric_media
sedallasnews,metric_media
sehoustonnews,metric_media
setexasrecord,UNKNOWN
setexastimes,metric_media
southbrazorianews,metric_media
southdfwnews,metric_media
southgalvestonnews,metric_media
southsanantonionews,metric_media
spurguide,franklin_archer
swdallasnews,metric_media
swhoustonnews,metric_media
texasbusinesscoalition,UNKNOWN
txbusinessdaily,UNKNOWN
tylerreporter,metric_media
uppereasttx,UNKNOWN
urbanreform,UNKNOWN
wacoreporter,metric_media
wctexasnews,metric_media
westdfwnews,metric_media
westhoustonnews,metric_media
westrgvnews,metric_media
westtxnews,UNKNOWN
wintergardentoday,metric_media
americancatholictribune,UNKNOWN
americanpharmacynews,UNKNOWN
americansecuritynews,UNKNOWN
cropprotectionnews,UNKNOWN
currentsciencedaily,UNKNOWN
educationdailywire,UNKNOWN
epnewswire,UNKNOWN
fdahealthnews,UNKNOWN
fdareporter,UNKNOWN
highereducationtribune,UNKNOWN
hrdailywire,UNKNOWN
insuranceratereporter,UNKNOWN
legalnewsline,the_record
megadealernews,UNKNOWN
patientdaily,UNKNOWN
powernewswire,UNKNOWN
propertyinsurancewire,UNKNOWN
theneighborhoodguardian,UNKNOWN
tinewsdaily,UNKNOWN
tobacconewswire,UNKNOWN
wealthmanagementwire,UNKNOWN
beehivestatenews,metric_media
centralutahnews,metric_media
davistimes,metric_media
eastslcnews,metric_media
northutahnews,metric_media
slctimes,metric_media
southutahnews,metric_media
utahvalleytimes,metric_media
utbusinessdaily,UNKNOWN
wastachnews,metric_media
webertimes,metric_media
westslcnews,metric_media
burlingtonstandard,metric_media
greenmountaintimes,metric_media
ncvermontnews,metric_media
nevermontnews,metric_media
scvermontnews,metric_media
southvermontnews,metric_media
vtbusinessdaily,UNKNOWN
centralnovanews,metric_media
centralshenandoahnews,metric_media
centralvatimes,UNKNOWN
easternshoretimes,metric_media
ecvirginianews,metric_media
fredericksburgleader,metric_media
gatewayreporter,metric_media
henricotimes,metric_media
lynchburgreporter,metric_media
newrivervalleytimes,metric_media
northernnecktimes,metric_media
northfairfaxnews,metric_media
northrichmondtoday,metric_media
northshenandoahnews,metric_media
northtidewaternews,metric_media
olddominionnews,metric_media
princewilliamreporter,metric_media
richmondleader,metric_media
roanokesun,metric_media
scvanews,UNKNOWN
shenandoahvalleynews,metric_media
southfairfaxnews,metric_media
southsidevanews,metric_media
southtidewaternews,metric_media
swvirginianews,metric_media
vabusinessdaily,UNKNOWN
westnovanews,metric_media
williamsburgsun,metric_media
eastkingnews,metric_media
evergreenreporter,metric_media
kitsapreview,metric_media
moseslaketoday,metric_media
newashingtonnews,metric_media
northkingnews,metric_media
northsnohomishnews,metric_media
nwwashingtonnews,metric_media
olympictimes,metric_media
piercetoday,metric_media
seattlecitywire,metric_media
sewashingtonnews,metric_media
southkingnews,metric_media
southsnohomishnews,metric_media
southsoundtimes,metric_media
spokanecotimes,UNKNOWN
spokanestandard,metric_media
tricitiesreporter,metric_media
vancouverreporter,metric_media
wabusinessdaily,UNKNOWN
waislenews,UNKNOWN
wenatcheetimes,metric_media
yakimatimes,metric_media
dcbusinessdaily,UNKNOWN
alleghenyhighlandstoday,metric_media
bluestonenews,metric_media
charlestonleader,metric_media
eastpanhandletimes,metric_media
huntingtontimes,metric_media
mountainstatetimes,metric_media
ncwvnews,UNKNOWN
northpanhandletimes,metric_media
ohiovalleytimes,metric_media
southernwvnews,UNKNOWN
wvbusinessdaily,UNKNOWN
wvheartlandnews,metric_media
wvrecord,UNKNOWN
centralwisconsinnews,metric_media
chippewavalleytimes,metric_media
ecwisconsinnews,metric_media
fondulacnews,UNKNOWN
foxcitiesnews,metric_media
greenbayreporter,metric_media
kenoshareporter,metric_media
madisonreporter,metric_media
mkecitywire,UNKNOWN
mkenorth,UNKNOWN
mkesouth,UNKNOWN
ncwisconsinnews,metric_media
newisconsinnews,metric_media
northwoodsreporter,metric_media
ozaukeetimes,UNKNOWN
racinesun,metric_media
scwisconsinnews,metric_media
sowisconsintimes,UNKNOWN
swwisconsinnews,metric_media
thesconi,metric_media
washingtoncotimes,UNKNOWN
waukeshatimes,UNKNOWN
wcwisconsinnews,metric_media
whitewatertimes,metric_media
wibusinessdaily,UNKNOWN
wicatholictribune,UNKNOWN
centralwynews,UNKNOWN
equalitystatenews,metric_media
newyomingnews,metric_media
nwwyomingnews,metric_media
sewyomingnews,metric_media
swwyomingnews,metric_media
wybusinessdaily,UNKNOWN
